feature,importance
Age,0.708454355476651
AnyTransplants,0.11261787783951678
Weight,0.07288533199594782
AnyChronicDiseases,0.037373774979837335
NumberOfMajorSurgeries,0.0317468312466338
HistoryOfCancerInFamily,0.01452489152689212
Height,0.013851801428861273
BloodPressureProblems,0.007419137731125529
KnownAllergies,0.0009369449862871633
Diabetes,0.0001890527882470103
